,x,y,z,vx,vy,vz
0,0.625,0.625,0.625,0.16833939173084297,-0.16002674476184198,0.9799689653193427
1,0.625,0.625,1.625,1.3153298107319775,1.4420963386611425,0.674561909984763
2,0.625,0.625,2.625,-0.4786677925460039,0.5973354542984792,0.2744964944519407
3,0.625,0.625,3.625,0.7786941390172277,1.5356880132803477,-0.1758075946936511
4,0.625,0.625,4.625,-0.2417426456766011,-1.0224075463774789,0.4111033632289362
5,0.625,0.625,5.625,0.5507629882204212,-0.10127455004325976,1.4628883725920405
6,0.625,0.625,6.625,-0.2594531681472047,-0.3718087658326223,0.25786494679040334
7,0.625,0.625,7.625,-2.278249350529843,-0.19737770904260904,-1.920645567929747
8,0.625,0.625,8.625,0.6353141848657451,1.0305271525716069,-0.6382624193658617
9,0.625,0.625,9.625,1.1351945680958053,0.9649714714076517,-0.6692667365305794
10,1.625,0.625,0.625,-0.08398915091001528,-1.9129608249067844,-1.7813197215079772
11,1.625,0.625,1.625,2.031960764976624,1.0658244073631051,-0.6488935393862899
12,1.625,0.625,2.625,-1.1723660179430304,-0.6799925106493662,0.6270960801194105
13,1.625,0.625,3.625,-1.8839672316868217,0.6704577578125726,-1.2395255444910585
14,1.625,0.625,4.625,0.44515925477535473,-0.4063945079097405,-0.09805495529264013
15,1.625,0.625,5.625,0.42216179915376045,0.42352764395554565,-0.9296915288602786
16,1.625,0.625,6.625,0.9767885438659039,-0.8830541162835982,-0.12087686214621106
17,1.625,0.625,7.625,0.38276325772295594,-0.13376367480208273,1.342233340003122
18,1.625,0.625,8.625,1.90648099111968,0.4686698965506892,-0.6555503002356601
19,1.625,0.625,9.625,-1.3303013041170852,-0.30753015418502844,0.4181206707970324
20,2.625,0.625,0.625,-0.4405647640069381,0.13114656911419514,1.539583028049066
21,2.625,0.625,1.625,-0.8673356727782624,0.7616856988862369,0.4206259767534665
22,2.625,0.625,2.625,-0.9472035566676618,-1.3990441154182847,-0.8091236690704671
23,2.625,0.625,3.625,-0.8800020297416102,0.07804604535629563,-1.2353085879221348
24,2.625,0.625,4.625,0.946669381577471,0.7869539724356502,0.3900648484250498
25,2.625,0.625,5.625,3.4037653668631744,-1.3974130315444624,-0.32234408123027414
26,2.625,0.625,6.625,0.03306211380836037,-0.0274298379276329,-1.0511536267653598
27,2.625,0.625,7.625,-1.3463128317738269,0.01861509661445751,0.5516813739607065
28,2.625,0.625,8.625,-0.7373029869483897,1.254866314464021,-2.4461140905681993
29,2.625,0.625,9.625,-0.8384178225841733,-1.4004533722585704,0.15943633106733435
30,3.625,0.625,0.625,-1.3628823906227987,0.38635767215552536,-1.078639220582934
31,3.625,0.625,1.625,-1.2360747406150885,0.4937786610102675,0.8433580809651066
32,3.625,0.625,2.625,0.5556510983141283,1.8315621951164827,-1.2684260629860598
33,3.625,0.625,3.625,0.8654848034767252,0.8385180665190946,0.26307114671333687
34,3.625,0.625,4.625,0.6403196793716047,0.3516430951560719,-0.1014765398145002
35,3.625,0.625,5.625,-0.3308547260307402,0.22673457955765286,0.9735363196740474
36,3.625,0.625,6.625,-0.6980270603401157,-0.5645518562617104,-0.7239247948780764
37,3.625,0.625,7.625,0.19393445086674724,-1.2503683580391685,1.250811388135117
38,3.625,0.625,8.625,-1.0280978977416602,0.2767904047890867,0.6772887510798856
39,3.625,0.625,9.625,-0.5051257686281274,0.4161856520879509,0.5314476363667764
40,4.625,0.625,0.625,-0.4810735386215721,-1.1069823735907878,0.1032724637922634
41,4.625,0.625,1.625,0.9875222386263944,1.0605295739198646,-0.29468714147031516
42,4.625,0.625,2.625,-0.2905202000165468,0.1132062523706776,-0.035688511172868434
43,4.625,0.625,3.625,0.10659764905314914,1.8111170528145975,0.7821827351908184
44,4.625,0.625,4.625,1.3214467278440918,0.9481333359995736,0.5031342258429171
45,4.625,0.625,5.625,0.8399192758938356,0.013137606331688059,1.5324619278737173
46,4.625,0.625,6.625,-1.153955546407227,-0.06949896370175168,0.08805860129132016
47,4.625,0.625,7.625,1.3571840732350204,-0.32689674775120975,0.10594464565708998
48,4.625,0.625,8.625,1.1408401218678252,0.9901345584665548,1.136942009032895
49,4.625,0.625,9.625,0.4787157655877605,0.8207592316031213,-0.26609027258335755
50,5.625,0.625,0.625,0.0004673967200028231,-1.0890892523167477,0.8371439749875018
51,5.625,0.625,1.625,0.1415937441568889,0.7199306415215747,-0.9442442121712691
52,5.625,0.625,2.625,-1.383769465365316,0.4573539868166897,1.068476875312473
53,5.625,0.625,3.625,0.19338997537356822,1.203391496171435,-1.430253181648858
54,5.625,0.625,4.625,0.0967802065541464,-1.4135928305583563,1.8535111785602694
55,5.625,0.625,5.625,0.9013752589679181,1.1338449768481558,-1.6131821583282215
56,5.625,0.625,6.625,-0.18068390215909283,-0.6102277792267119,-0.15620300456391198
57,5.625,0.625,7.625,0.19859880969597557,-0.14764913383604805,-0.44010236210899306
58,5.625,0.625,8.625,1.5155055866555214,-1.501171867433059,-2.11360284004714
59,5.625,0.625,9.625,1.02417387402131,0.31384662306513045,0.5196203331544983
60,6.625,0.625,0.625,0.15437910046534772,0.15629057728910872,-0.3084943500610117
61,6.625,0.625,1.625,0.17561215648169295,1.09502186182083,-0.09180142814702405
62,6.625,0.625,2.625,-1.4174222128498544,0.31836378227199974,1.5424600953719025
63,6.625,0.625,3.625,-0.41457744494163873,0.3788411148016593,1.4654075274208194
64,6.625,0.625,4.625,0.11248135134180026,1.768709396803516,-0.6438020412993205
65,6.625,0.625,5.625,0.29200549075205495,2.9304945437539285,1.1406533384866484
66,6.625,0.625,6.625,0.48031086836158554,-0.07142208801911754,0.48869146193506097
67,6.625,0.625,7.625,1.6454088438417376,0.491157078895307,0.322381153946904
68,6.625,0.625,8.625,-0.4702337585165454,0.08258286230077291,1.0198018174811188
69,6.625,0.625,9.625,1.346532306108393,1.408785265439828,0.17160544062438762
70,7.625,0.625,0.625,0.7873202086201975,-0.1455377946659952,-0.5236591083543118
71,7.625,0.625,1.625,-0.1711110037074473,-0.10713173208810027,-0.7066248364843896
72,7.625,0.625,2.625,-0.31284938678131824,0.7369745132766522,0.28880912550001736
73,7.625,0.625,3.625,-0.7879806944696555,0.008779351196399485,1.0315537789220421
74,7.625,0.625,4.625,-1.5790723924164336,-0.4530843928588562,-0.5921138891906053
75,7.625,0.625,5.625,1.1894279894815107,0.8661274508820848,-0.13453358726955802
76,7.625,0.625,6.625,-0.03299562177685633,-0.3146789719746592,2.3510153797823126
77,7.625,0.625,7.625,0.19269951210563427,0.18241706214643594,1.1922408114753706
78,7.625,0.625,8.625,-1.7031443369255783,-0.25900072787396217,0.6627594242325234
79,7.625,0.625,9.625,-0.1992291738606116,0.9661036799997488,-0.3773441688166453
80,8.625,0.625,0.625,0.10041273029206653,1.4901412712817335,0.3742989646554052
81,8.625,0.625,1.625,0.6115213799485365,-0.5839370541312223,0.8129011568737462
82,8.625,0.625,2.625,0.5000388230721139,-0.17625783333333156,0.29870416349659346
83,8.625,0.625,3.625,-1.193367864969325,0.3888665352251868,-0.75892636313814
84,8.625,0.625,4.625,-0.2719491935708376,-1.3884827102930684,-1.2383405233832372
85,8.625,0.625,5.625,-0.25942307356420014,0.618121455946053,0.7403267827758513
86,8.625,0.625,6.625,-0.036093211005020526,0.09227733354861481,-0.040102252042635594
87,8.625,0.625,7.625,0.08967558506210405,-0.1749236800950303,-0.8851551135301325
88,8.625,0.625,8.625,-0.8146234663303995,0.1836722714366651,-0.14762618895909785
89,8.625,0.625,9.625,0.533511572598776,-0.5380535113705017,-1.4727454991461444
90,9.625,0.625,0.625,1.2160432599068458,-1.1720559929715755,1.48209499051788
91,9.625,0.625,1.625,0.6885591157722676,-0.522257290028525,-1.5157200512860876
92,9.625,0.625,2.625,0.4045137948846604,-0.14015033122312476,0.7664759886790958
93,9.625,0.625,3.625,-0.48329881137209424,-1.8086588857541408,-0.633469411543131
94,9.625,0.625,4.625,0.10476675906664099,1.033112173164927,0.2934312949190435
95,9.625,0.625,5.625,-0.8614988287368993,-0.5839437496825699,-0.22406038659152414
96,9.625,0.625,6.625,-0.5247889413658918,-0.7303140169924822,2.096221724981599
97,9.625,0.625,7.625,-0.21270424606760727,0.2945665413714406,-0.4316073422713335
98,9.625,0.625,8.625,1.4394056349308286,-0.06492747575763427,0.9261555953087754
99,9.625,0.625,9.625,0.773501770591425,0.5984808778330689,1.2933461295950741
100,0.625,1.625,0.625,-0.48685138692887664,-1.7008618424269557,-0.7089368581619749
101,0.625,1.625,1.625,-0.6350023077481072,0.6536951368946002,-0.9996290202198346
102,0.625,1.625,2.625,0.7740502586985745,0.29189889707092537,2.421772281479468
103,0.625,1.625,3.625,0.7224844149891955,1.4272426146711095,1.3221956639755084
104,0.625,1.625,4.625,1.3174056087651758,1.13423005405851,-1.1637337277785997
105,0.625,1.625,5.625,0.547490097218873,-0.5362022212682437,-0.13914033587264857
106,0.625,1.625,6.625,-0.3439774171143992,-1.1677515583649742,0.04726186204560422
107,0.625,1.625,7.625,0.5716928840020414,-0.5113094298182189,1.4216046568490726
108,0.625,1.625,8.625,0.8910113501095361,0.3717591221380935,0.2936616716929755
109,0.625,1.625,9.625,0.13532806200072073,1.822456522359836,0.33304993964872875
110,1.625,1.625,0.625,-0.7466682547054473,-1.705603879891054,0.6054676600864259
111,1.625,1.625,1.625,-0.6071035850117289,1.6183498402232495,0.5759428032740268
112,1.625,1.625,2.625,1.1748028848667462,-1.6122536881238418,-1.7267475718434837
113,1.625,1.625,3.625,0.39045816439093667,-0.9497722027313351,0.376481291799484
114,1.625,1.625,4.625,-1.9049130156913279,-0.5720186159402303,1.1176579833320825
115,1.625,1.625,5.625,1.0063092772277074,-1.1205269047036102,1.5175264204137082
116,1.625,1.625,6.625,0.3905534962128173,-0.43435386033417817,0.3597514247256368
117,1.625,1.625,7.625,0.8299986435232607,0.5590804788517576,0.5330066441837005
118,1.625,1.625,8.625,-0.7826854283290624,1.0074451612296462,-0.5795364352728881
119,1.625,1.625,9.625,0.9547923479089431,2.59674751248391,0.7227424997110566
120,2.625,1.625,0.625,-0.2081861119934015,1.1493533727285985,1.6110643175237038
121,2.625,1.625,1.625,0.4248332030705411,1.2362278312610324,-1.2777905018983609
122,2.625,1.625,2.625,-0.8569773398620104,0.1995873486499073,-0.9681595956926773
123,2.625,1.625,3.625,0.1295428589533277,0.029105672685912035,2.1498044700435925
124,2.625,1.625,4.625,1.792589914500837,0.3673728511380082,-1.2573250168916368
125,2.625,1.625,5.625,0.608776763139509,-1.067932807858387,-0.4335612804303004
126,2.625,1.625,6.625,1.3724477621535862,0.009431475915967647,0.9006440811447736
127,2.625,1.625,7.625,0.10982716931106332,0.5880413304084207,0.10498327734465224
128,2.625,1.625,8.625,-0.16576763263362163,1.6778388174576822,-0.07931182085576728
129,2.625,1.625,9.625,-0.5904394164662675,0.6900692539668717,0.6160660831986611
130,3.625,1.625,0.625,0.7773588886862086,1.9359557414390884,-0.3679473870834339
131,3.625,1.625,1.625,-1.1241903042885901,1.307975932843067,-1.709129941141254
132,3.625,1.625,2.625,0.6225621350649526,-0.4957654211616088,-0.13659959921235038
133,3.625,1.625,3.625,-0.7218538862067996,1.2728332720047946,-0.4353370570489007
134,3.625,1.625,4.625,-0.66495547493218,1.977410736961559,-0.4875368550939961
135,3.625,1.625,5.625,0.6227608385043504,0.605143412835463,-1.5471096052073143
136,3.625,1.625,6.625,1.5384349290216073,-0.8814556611859826,0.8064189822154656
137,3.625,1.625,7.625,1.603496014302986,0.7081791397961532,-1.0141381058705685
138,3.625,1.625,8.625,1.5501484371705592,1.1389841082216574,-0.14541391645708737
139,3.625,1.625,9.625,0.5146355865952494,-0.13109097738337716,-2.4892021951298973
140,4.625,1.625,0.625,1.0232408739822219,1.056180040327832,0.05023103865873707
141,4.625,1.625,1.625,-0.03847432774705765,-2.9854568214994437,0.9272686974196714
142,4.625,1.625,2.625,1.1945244250710394,0.20194371053615962,-0.14662407713603726
143,4.625,1.625,3.625,-1.257780229732986,0.35544372817147807,0.3515796701897753
144,4.625,1.625,4.625,-0.40005953022834806,0.17940507798424182,0.46409928354627794
145,4.625,1.625,5.625,-0.37351968210303504,0.08604173437095633,-1.8195834352638853
146,4.625,1.625,6.625,0.1841768903049937,0.41628044012332,0.36782896043382257
147,4.625,1.625,7.625,0.1744943799372482,1.4743240028174254,-0.08432412021713867
148,4.625,1.625,8.625,0.13605271367778338,-0.4621905508699028,-2.442903472560533
149,4.625,1.625,9.625,0.27001630512345587,0.5640052912159496,1.0497444721931928
150,5.625,1.625,0.625,0.054880276493738445,1.5183201201068175,-0.5514370241502109
151,5.625,1.625,1.625,-1.4721032403956542,1.0684106340646877,0.004646114382814452
152,5.625,1.625,2.625,0.06796097022390427,-0.0364744541217014,0.13442218859866212
153,5.625,1.625,3.625,-0.36509019996431324,-0.9311114583211104,-1.2570501462967052
154,5.625,1.625,4.625,0.46032393820522205,1.5067221387599645,0.11030907856689891
155,5.625,1.625,5.625,0.15957652366098404,1.1862559107660724,1.1317510772507364
156,5.625,1.625,6.625,1.108258278690439,-0.2874310022684938,-1.256422062772113
157,5.625,1.625,7.625,0.6932243963159777,1.0245522356832935,0.5748700469095652
158,5.625,1.625,8.625,0.695681248995435,0.7623456921233113,0.15910922833366042
159,5.625,1.625,9.625,-1.8153124403856935,-0.05774622525450329,1.9219998471101039
160,6.625,1.625,0.625,-1.151035749639546,0.4080282293030352,-0.4924746686747384
161,6.625,1.625,1.625,1.7650775373797465,-0.0722388621419654,-0.8168823797940468
162,6.625,1.625,2.625,-0.974849632255315,-0.2315188230036445,-0.48338439017908486
163,6.625,1.625,3.625,2.800188324852794,0.6257602232831534,0.21486873165023826
164,6.625,1.625,4.625,-0.6161562222644764,-0.07449411060021917,-0.9726759558179977
165,6.625,1.625,5.625,-0.06646610053672784,-0.8247664613998249,0.1725673750826742
166,6.625,1.625,6.625,-0.24647647786072896,-1.3216362199863307,1.1904458149394028
167,6.625,1.625,7.625,-0.5763852887159463,-0.5214898241416344,1.4686021362643895
168,6.625,1.625,8.625,-1.6547178378495424,-1.3259791624133035,0.6674709747540358
169,6.625,1.625,9.625,0.20667855167330146,-0.30392766747366917,-0.40514310619423777
170,7.625,1.625,0.625,-1.1264143094873227,0.8685670026771487,-0.6841350699470793
171,7.625,1.625,1.625,1.0136642480087559,0.5896938226149333,0.8735382069092602
172,7.625,1.625,2.625,0.36069112762658473,0.08899857831765665,-0.10324154068806897
173,7.625,1.625,3.625,-2.211850403152529,0.06485856495451885,0.5050192750830271
174,7.625,1.625,4.625,-0.3179817981853026,-0.15302548971508595,-0.17076559815110795
175,7.625,1.625,5.625,-0.8964387772829546,1.4236129899999637,-1.0270423848775947
176,7.625,1.625,6.625,0.5591134207888289,0.08840271092085014,0.662619062200326
177,7.625,1.625,7.625,0.9151133555892967,-0.5888708746316692,2.0959136745852445
178,7.625,1.625,8.625,0.3251240459506425,-1.1857392812554408,0.4037346947959125
179,7.625,1.625,9.625,-0.7666493813672156,-0.12722421748776208,-0.5986947038113747
180,8.625,1.625,0.625,0.9393000445896494,-1.6743605455965132,0.6717346681219287
181,8.625,1.625,1.625,-0.5625173900674574,-0.062203945781333356,-0.2194459374545569
182,8.625,1.625,2.625,0.2311486769795698,0.1625323791750391,-0.8936441690812451
183,8.625,1.625,3.625,-1.36902816437959,1.9814381541957686,-0.3190415969129685
184,8.625,1.625,4.625,1.887500434088685,1.5454542597217464,0.38242299480421504
185,8.625,1.625,5.625,-0.6291345717562258,1.2657770825204893,-0.8661944912400603
186,8.625,1.625,6.625,-0.8649002956254164,-0.09949574285595177,-1.4300412612568174
187,8.625,1.625,7.625,0.1901918712693338,0.02283505387261034,0.6500112833443559
188,8.625,1.625,8.625,0.6014747958468892,0.15746116562488255,-0.2539176923924959
189,8.625,1.625,9.625,-1.2070795595235153,0.2709951295269956,-0.23887140240721852
190,9.625,1.625,0.625,-1.5557073966019586,-0.37591258618686596,0.03298529504551716
191,9.625,1.625,1.625,-1.1424063467466765,-0.039876485773241974,1.1045191122924731
192,9.625,1.625,2.625,0.6495457629259574,-0.6383845578135348,-0.9395807723552273
193,9.625,1.625,3.625,0.20500186066640405,-1.1557656257310396,-1.0568007445159295
194,9.625,1.625,4.625,-0.3567793523312451,0.9126818909553628,0.5682933228644128
195,9.625,1.625,5.625,1.1465668936020676,0.3775871087192486,1.0008494990273282
196,9.625,1.625,6.625,-0.5257069783821913,0.41484225820471093,-0.09980792084828582
197,9.625,1.625,7.625,-2.262802915059921,1.1918287733700597,-0.6984355882309049
198,9.625,1.625,8.625,-0.9231644203717897,0.6516969938354149,-0.39999540622430146
199,9.625,1.625,9.625,-3.2607201545715596,1.5380797957769656,1.731092780044344
200,0.625,2.625,0.625,0.014663330107446835,-0.03845420233589761,-0.15300883195309914
201,0.625,2.625,1.625,0.06932769518924226,-1.4992043551764855,0.619452137278492
202,0.625,2.625,2.625,0.2677490129488508,0.38534322128187454,0.7216761429957735
203,0.625,2.625,3.625,-0.6255795370978853,0.3766598088067295,0.6393342854832361
204,0.625,2.625,4.625,-0.9454070181145611,-0.4074672367814472,0.27042891460915597
205,0.625,2.625,5.625,-1.62053417315142,-0.33397014167110806,0.6897177244902207
206,0.625,2.625,6.625,-1.0672342549316391,2.0065804558620197,-0.07553718375613835
207,0.625,2.625,7.625,0.29137435727962224,3.47482678160396,2.1079157638890953
208,0.625,2.625,8.625,-0.12024260725570231,0.03495521092126136,-0.015779781912214404
209,0.625,2.625,9.625,-1.8554224966368085,0.6025735194952224,0.23056397674277032
210,1.625,2.625,0.625,0.6378943904347147,0.4199764593551176,0.6498770045914831
211,1.625,2.625,1.625,-1.379027660461672,-0.9260194815887842,-0.885923657234212
212,1.625,2.625,2.625,0.6080728330162039,-0.5927150158218862,-0.23149408980835842
213,1.625,2.625,3.625,1.337162847684475,1.520884839705406,1.955814578571876
214,1.625,2.625,4.625,-0.41531376339862247,0.15045103532698756,-1.451001273440426
215,1.625,2.625,5.625,1.4278769441438877,0.1091145325764827,-0.2586794485280706
216,1.625,2.625,6.625,0.9896038632439657,1.3612712501069275,0.4577150969768846
217,1.625,2.625,7.625,1.2498456849209587,-0.3584234687552858,0.4660625108329475
218,1.625,2.625,8.625,-0.829029101249285,-0.8107548469869831,0.3308706889623308
219,1.625,2.625,9.625,0.3455033514396386,-0.0032839963634020697,1.1549587907252319
220,2.625,2.625,0.625,-1.003979993520564,0.5640949179549383,0.6157204888509481
221,2.625,2.625,1.625,-1.252826189614373,-0.2541491624678125,0.5348033269119336
222,2.625,2.625,2.625,0.19871917699807504,0.1617489447171984,0.41031746423751725
223,2.625,2.625,3.625,1.665404021478343,1.0205236191294162,0.7955068010520936
224,2.625,2.625,4.625,-0.9736940847829806,-0.29457438997421825,1.2923882809532192
225,2.625,2.625,5.625,0.18672542357104327,0.41858876965247993,-1.2065032375092106
226,2.625,2.625,6.625,-0.7113324075269962,-1.2692013400068245,-0.28254652214447146
227,2.625,2.625,7.625,0.49370002501535515,0.46703576555875437,-1.3700770013210102
228,2.625,2.625,8.625,0.39408555754940394,-0.3803452925280992,0.08370676424034412
229,2.625,2.625,9.625,-0.8788759059083642,0.9708438794803522,-0.5945801128422811
230,3.625,2.625,0.625,-0.016318591275926525,-0.30651682157068305,-0.487781655524379
231,3.625,2.625,1.625,-0.24870770358442287,-1.270153363180578,0.6072136679446963
232,3.625,2.625,2.625,1.0525665292078747,-0.4610483009189591,-1.485730030390731
233,3.625,2.625,3.625,-0.5546127890187987,-1.3321310989784394,0.051466952394484386
234,3.625,2.625,4.625,0.0907464909351078,0.8937169338412432,-0.595192035336184
235,3.625,2.625,5.625,0.7951935106129804,-1.272627406549486,1.128662196741434
236,3.625,2.625,6.625,-0.4213790109221078,0.23470374771570018,0.4831143645842155
237,3.625,2.625,7.625,-0.8092245956164901,0.3602600582886675,-1.034109749607766
238,3.625,2.625,8.625,0.3629361768564756,0.5785924379955835,-0.4447504976409361
239,3.625,2.625,9.625,1.3252393211918763,-0.7771592830256155,-0.32347880371843407
240,4.625,2.625,0.625,1.1509499993571704,0.7255159844288462,0.9955800522549235
241,4.625,2.625,1.625,0.27618661360767,-0.08055219552811109,0.04441865824298115
242,4.625,2.625,2.625,0.40064486875231714,-0.059075181629273374,-0.06439010462225586
243,4.625,2.625,3.625,-0.3874847080539442,1.2328225918290623,0.2392023847101425
244,4.625,2.625,4.625,-0.2161281636244384,-0.7841627559570842,-0.915330907833481
245,4.625,2.625,5.625,1.249327906271346,0.6047360470946704,0.6490117779240816
246,4.625,2.625,6.625,-1.1201018867977732,0.4172406229073019,1.7839179437224721
247,4.625,2.625,7.625,0.0023109732623462116,0.10322808893213724,-0.19943451131888537
248,4.625,2.625,8.625,-0.08924528250028034,0.5722574313164097,-1.3738401327911753
249,4.625,2.625,9.625,-0.013519627760491528,-2.8088365436717604,0.14001204152654007
250,5.625,2.625,0.625,-0.11553651020335921,-1.073047422979667,1.5539132779041116
251,5.625,2.625,1.625,0.24443624966946137,-0.2169528371758741,0.6274913282049996
252,5.625,2.625,2.625,0.390748753682881,1.539108156000958,-1.1279747583453312
253,5.625,2.625,3.625,-0.05233012426578185,1.0203265089335531,0.8959583840683302
254,5.625,2.625,4.625,-0.40415823898848713,1.5970510564134952,0.9158785054692037
255,5.625,2.625,5.625,-1.4839866762487857,0.38637047785506673,-2.3689638532342663
256,5.625,2.625,6.625,-0.323835375866376,1.8637908408968145,-0.24457338962117556
257,5.625,2.625,7.625,-1.8410463792080007,0.05213678204054902,-0.1871612267790418
258,5.625,2.625,8.625,0.23477508596767305,-0.49409540864111445,-0.45835374226821163
259,5.625,2.625,9.625,0.17061335551929968,0.36656949809719386,0.010329635795787918
260,6.625,2.625,0.625,0.008189228139766271,-0.6248136052417271,-1.896980991341536
261,6.625,2.625,1.625,0.8863529495169167,-0.14147991326712023,0.9708378918075039
262,6.625,2.625,2.625,-1.3158635662672196,-2.1707182786806385,0.7513880791591839
263,6.625,2.625,3.625,1.0408539396344287,0.6018100953942087,-0.3491810492335327
264,6.625,2.625,4.625,-1.8599531747007576,-0.20293465566198077,0.27684359961286736
265,6.625,2.625,5.625,-0.46566811508126177,-1.186505289030879,-0.8355189879664284
266,6.625,2.625,6.625,-0.5912633684976072,0.9304523887017111,0.5516870135525747
267,6.625,2.625,7.625,0.6583163542001959,-0.18883171185840647,-1.7881329917408435
268,6.625,2.625,8.625,-0.1271187969013403,1.3171080772584418,0.3924113750861201
269,6.625,2.625,9.625,1.6762533959697055,-0.005909684200344781,-0.9672240562930834
270,7.625,2.625,0.625,0.6746996767969756,-0.34990761981201096,0.4369784507609715
271,7.625,2.625,1.625,0.42271941981633443,0.6724875975823464,0.33374159686439403
272,7.625,2.625,2.625,-1.6026501336461678,0.9000943368931349,0.17827980062137838
273,7.625,2.625,3.625,-0.1257257634582168,0.5263130419045416,-0.7946959009236946
274,7.625,2.625,4.625,0.9339130998289877,-0.005150929834339936,-0.4960683202420229
275,7.625,2.625,5.625,-0.21058804427370645,0.6781469685386537,-0.9523982340920267
276,7.625,2.625,6.625,-1.6288416526622203,-0.21719803723391357,-0.2920914594565003
277,7.625,2.625,7.625,0.22283380357093205,0.7699332312247076,-0.9303902057488388
278,7.625,2.625,8.625,0.7724441058919491,0.8991278086633756,-0.3677960636128145
279,7.625,2.625,9.625,0.7346449362106088,1.382295219753872,-0.49156439249054634
280,8.625,2.625,0.625,-0.2220848923773681,-1.5291371430871374,1.1893087467867025
281,8.625,2.625,1.625,0.9915327161604346,1.0133394106880615,0.024387773864739313
282,8.625,2.625,2.625,-0.5930218071705237,0.9508496419170654,-0.6211072370819822
283,8.625,2.625,3.625,-1.4673363884349082,-0.12294416550144745,-0.6809194347017637
284,8.625,2.625,4.625,-1.10867514920495,-1.3408867794024246,-0.7952093966620756
285,8.625,2.625,5.625,1.6726671614814546,1.085694272526642,-0.7418488779848436
286,8.625,2.625,6.625,-0.7672398856865522,-1.451046509404257,0.9850539417234727
287,8.625,2.625,7.625,0.14313320972630397,-1.1453059758342197,0.4710213023189091
288,8.625,2.625,8.625,0.07221447745942144,0.3457393720426963,0.3364298108120845
289,8.625,2.625,9.625,-1.841622481106441,0.7369832241011678,0.10815607796455767
290,9.625,2.625,0.625,-0.8538944920786579,0.7396991117978572,1.4385353997677022
291,9.625,2.625,1.625,-0.8778393799683807,0.20019444117775254,-0.12517155609406386
292,9.625,2.625,2.625,-0.04743575383755498,1.340399115922521,0.8903402607336958
293,9.625,2.625,3.625,0.2586704355468638,0.8435431706903406,0.911754824372302
294,9.625,2.625,4.625,-1.0149251899568743,-0.380422286737532,0.523889667228311
295,9.625,2.625,5.625,-1.3269136743927668,-1.743863443542203,-0.04227220642880318
296,9.625,2.625,6.625,0.03957336379653088,0.19715406864849938,-0.4840198398748457
297,9.625,2.625,7.625,1.0883048423401926,0.9411288271798952,0.2987505758512859
298,9.625,2.625,8.625,-0.2529789409280661,-0.7912601418774828,-0.7584974836448779
299,9.625,2.625,9.625,0.07593727697221034,0.3628835882987781,0.8312883289400903
300,0.625,3.625,0.625,0.3055490990195865,2.0194282817596023,-0.9993991955468804
301,0.625,3.625,1.625,-1.3308027988470927,0.9003492116826791,-0.34725312470534464
302,0.625,3.625,2.625,0.5371170280530652,-1.3401170996240517,0.6245194861849629
303,0.625,3.625,3.625,-0.22608923906621836,-1.1063928056432248,-0.4682858215724933
304,0.625,3.625,4.625,-0.982263192683034,0.25922988652030204,0.6099308895364527
305,0.625,3.625,5.625,0.79979349317977,0.7200676057778711,0.25814784617210984
306,0.625,3.625,6.625,-0.5925737157288189,-0.6871158866513917,0.17809432359623587
307,0.625,3.625,7.625,-0.20810534759547014,1.5250435857239366,-1.684484716319903
308,0.625,3.625,8.625,0.8555833448783294,-0.006525804184918542,0.2563576883342473
309,0.625,3.625,9.625,0.5575898726725859,-2.969417589670698,1.1371729987823782
310,1.625,3.625,0.625,1.0864206104149032,-1.4864136225962805,1.7504159358813502
311,1.625,3.625,1.625,0.20535029299322316,-0.3143943589356695,-0.6933856101554112
312,1.625,3.625,2.625,1.1272902441077748,-0.9788216842672867,-1.2591621426438688
313,1.625,3.625,3.625,0.4071433216125232,-2.195549115807132,0.14111859417744319
314,1.625,3.625,4.625,-0.4658495325962397,0.0940466828959751,-0.01251266742301068
315,1.625,3.625,5.625,-0.38696204913620263,-0.15958642415526142,-0.6553455447969687
316,1.625,3.625,6.625,-0.09959528482465649,-0.457511422011113,-0.502038550388223
317,1.625,3.625,7.625,1.0419762959936851,0.44637483417091417,0.34727148555499693
318,1.625,3.625,8.625,-0.751902499399586,0.7349106155899628,0.14118751739264565
319,1.625,3.625,9.625,-0.5750773566669057,-0.4427927225556483,-0.2051435518688152
320,2.625,3.625,0.625,0.08013034643127631,-0.004803059378422542,0.8684729054819571
321,2.625,3.625,1.625,-1.1637124439246536,1.2518186513225313,0.5557350110707111
322,2.625,3.625,2.625,-0.31826076852061297,0.9976395174757721,1.0301249241892918
323,2.625,3.625,3.625,0.8837171103808716,0.5690863557421877,0.930090010770518
324,2.625,3.625,4.625,-0.7261406311314494,-0.6281026786013992,-0.21674182292245728
325,2.625,3.625,5.625,0.5212662435997246,1.5245638028753061,-0.6174741834828847
326,2.625,3.625,6.625,0.17419826346149958,1.0348386289817009,0.8389858117404762
327,2.625,3.625,7.625,0.6270207047854216,1.7047034315051801,-1.1222395745358518
328,2.625,3.625,8.625,0.10807291445790143,-1.1083158097182277,0.0649452798700222
329,2.625,3.625,9.625,-0.8647605972152498,2.014045374855518,1.4432249932004035
330,3.625,3.625,0.625,-1.057755161750038,1.9820056104000592,0.1321303753826569
331,3.625,3.625,1.625,0.726440679460755,-1.0056986304354778,-1.087396670032527
332,3.625,3.625,2.625,-0.4130053276580693,-0.5081286861038427,-0.0028888611103495103
333,3.625,3.625,3.625,0.9914385441495086,-1.2766898415005246,1.639932289603296
334,3.625,3.625,4.625,-0.583221340858172,-1.2164871542232798,-0.7687454089385976
335,3.625,3.625,5.625,-0.9618565857126253,0.4077453848114255,0.02306232072846866
336,3.625,3.625,6.625,0.21889011266466515,0.27227073201354035,0.09881542555728247
337,3.625,3.625,7.625,1.7853518384638416,0.7459234498269551,-0.7055177312679868
338,3.625,3.625,8.625,-0.14805784390320464,2.1477336015591693,-0.10822814062924908
339,3.625,3.625,9.625,-0.54609858699015,-0.5424595225700076,0.7887837768252969
340,4.625,3.625,0.625,2.0892888711646433,-0.45608319441001305,-1.0246038025997846
341,4.625,3.625,1.625,0.8248907953881568,-2.389605677597571,-0.8558568335809746
342,4.625,3.625,2.625,0.0414016523162614,-1.495887213926033,-0.2943234851370694
343,4.625,3.625,3.625,0.9536238910717334,-2.0466883522657997,-0.32678314257481883
344,4.625,3.625,4.625,-0.3479599473862402,1.3379057414997002,2.2157712711495474
345,4.625,3.625,5.625,-0.7200331871351504,0.48301122349898706,1.7867370195692847
346,4.625,3.625,6.625,-0.4793731714426411,-2.217475799737109,-0.9029290742418409
347,4.625,3.625,7.625,-0.5293555499581221,-0.9483090165702426,-2.528380077133286
348,4.625,3.625,8.625,0.7684038474387804,-0.609837285486601,-1.1837296175747096
349,4.625,3.625,9.625,0.6254628119139556,-2.7449188113102,2.6442207218037046
350,5.625,3.625,0.625,1.0717838151829686,1.2659824568637905,-0.1267448883673174
351,5.625,3.625,1.625,1.3952495959583642,-0.6679653933284583,-0.5243135558737874
352,5.625,3.625,2.625,-0.5537674916791442,-2.786645941770416,-2.6104347816828954
353,5.625,3.625,3.625,2.230174755052145,1.1987004008951383,-0.4469316165932225
354,5.625,3.625,4.625,-1.1569191381840898,-0.17109666094932485,-0.7017986516601739
355,5.625,3.625,5.625,1.1329491182728062,0.8499612076856701,0.39301237844674
356,5.625,3.625,6.625,-1.822783241872131,0.0014297852671506933,0.6316369120367379
357,5.625,3.625,7.625,-0.009684886360972485,0.20178670083024425,2.288531697894095
358,5.625,3.625,8.625,-1.130177865935404,-1.3594052314305531,-0.540267531935099
359,5.625,3.625,9.625,1.0689832589884931,0.592975059536491,0.1982006324543392
360,6.625,3.625,0.625,-0.33801066379362904,0.3237042105948578,-1.1137048725322887
361,6.625,3.625,1.625,-1.3426607553438976,0.702438290513792,0.9639763400465373
362,6.625,3.625,2.625,-2.271271880153682,1.1387574859644882,0.216637170768655
363,6.625,3.625,3.625,0.15455770319000023,0.05387767269171998,1.2858211871208467
364,6.625,3.625,4.625,-0.645812676478441,-1.3280694011717329,0.8758548583087059
365,6.625,3.625,5.625,0.5258442282410364,-0.8606164343413019,1.5664264125420448
366,6.625,3.625,6.625,0.5230001478348795,-1.4810938454163358,-1.1351295549308733
367,6.625,3.625,7.625,0.02515954183463463,0.3516155466606126,0.2013936397732216
368,6.625,3.625,8.625,0.040632197901476846,-0.6321688977527145,-0.40308915125259365
369,6.625,3.625,9.625,1.2565531464256205,0.4395364453099767,-0.09128905799392546
370,7.625,3.625,0.625,1.7839557357121594,1.7233987278228888,0.2459684686319336
371,7.625,3.625,1.625,0.6630805618741045,-0.08805798706119096,-0.3375626882432958
372,7.625,3.625,2.625,-0.6306684615416027,0.7323243117777718,-0.5324385691545438
373,7.625,3.625,3.625,0.30159313561755136,-0.2377354400627653,1.1094225030617186
374,7.625,3.625,4.625,0.7742439144263887,0.1889433419842349,-0.42533530526763486
375,7.625,3.625,5.625,0.8293383105693432,-0.4098828552321811,-0.6913977430591358
376,7.625,3.625,6.625,-2.6647955139543273,-0.8092510913100222,-1.2333731559093049
377,7.625,3.625,7.625,-1.549612226962244,-0.7909411001244752,-0.12168957284118852
378,7.625,3.625,8.625,0.30971447288730547,0.5811164089275525,0.24072313342998022
379,7.625,3.625,9.625,-0.4648382891606529,0.4764131132706936,-1.8243034579264428
380,8.625,3.625,0.625,-1.5316027214800148,1.8171811528553243,0.6667221036068536
381,8.625,3.625,1.625,1.0666548365012085,-0.7644756800739314,-0.688396227996091
382,8.625,3.625,2.625,-0.25649520962617284,-0.39993387933234636,1.174345200275842
383,8.625,3.625,3.625,2.561290531130802,0.6618012299747593,-0.29634266006930693
384,8.625,3.625,4.625,0.10452571071151404,-0.598922921267962,-2.58964161420036
385,8.625,3.625,5.625,0.7034867831755017,-0.30126025865686823,-0.40350273680217097
386,8.625,3.625,6.625,-1.2193322439512768,-0.9088309926219,0.10337589771565343
387,8.625,3.625,7.625,-0.21839830945155078,1.4421603722038023,1.6317547473585499
388,8.625,3.625,8.625,-0.24538703775674936,-0.5191794926260701,1.2187064263291045
389,8.625,3.625,9.625,0.6038265919228368,0.5872407994464597,-0.9627358559374347
390,9.625,3.625,0.625,0.04941085311537263,-1.889467791314641,-0.22482092135262946
391,9.625,3.625,1.625,-0.9479293190969861,-1.198929924263611,1.3819140463970738
392,9.625,3.625,2.625,0.47489332909362575,-0.5859445011186685,0.43266406484762104
393,9.625,3.625,3.625,0.38396394018306873,-0.20083077211921913,-0.6963066962992156
394,9.625,3.625,4.625,-0.12472536935950833,-0.9009728677340676,-0.3305356899956095
395,9.625,3.625,5.625,-0.888029290928028,0.9306604275139356,-0.5775820963076755
396,9.625,3.625,6.625,0.6736171292011887,-0.36988274926787534,1.7481125600957381
397,9.625,3.625,7.625,-3.091549753543177,-0.6297273940545489,-1.4410343795065659
398,9.625,3.625,8.625,-0.3558868797800479,-0.8404484200126727,-0.5534580488313476
399,9.625,3.625,9.625,1.0020623347298063,-0.19097635452395023,-0.008499585944128338
400,0.625,4.625,0.625,0.7495345362088567,1.5627071596284898,1.0140212707944085
401,0.625,4.625,1.625,-1.1927245741027745,-0.9048284942695201,-2.182030318148935
402,0.625,4.625,2.625,-1.1599794116723339,-0.28099768155561705,-1.6095255133860966
403,0.625,4.625,3.625,-1.9093437414836998,0.3777541117956154,0.5720827534783345
404,0.625,4.625,4.625,1.3846965734811676,1.3787242476179742,1.5734150643310678
405,0.625,4.625,5.625,0.062375502461645485,0.5124334842088236,-0.7961764370675607
406,0.625,4.625,6.625,-1.2654594767056297,0.6832128129335218,0.35680123665067676
407,0.625,4.625,7.625,0.45294964984108077,0.8386420939064972,-0.09991277631910307
408,0.625,4.625,8.625,0.29378921281618764,-0.9357756414510895,-0.18019830970555423
409,0.625,4.625,9.625,-0.019510585391830843,0.21406248478875667,0.3913486713567145
410,1.625,4.625,0.625,0.27174435616684767,0.4041164559883916,-0.0600013995178388
411,1.625,4.625,1.625,0.9270703125388622,-1.4401470804478995,-0.30956459626306676
412,1.625,4.625,2.625,2.322510798840286,-0.5530850712164895,0.6807807213129973
413,1.625,4.625,3.625,1.6183301995600408,-1.109121513318679,-0.10914816673770111
414,1.625,4.625,4.625,-0.10867230285688717,-1.394192982103375,0.1786862875986936
415,1.625,4.625,5.625,-0.24997840838491345,-2.054576771821486,-0.5207010188442663
416,1.625,4.625,6.625,-0.7864287473803702,-0.5916313284072993,1.3114408061020992
417,1.625,4.625,7.625,-1.6443428980848613,-1.4019579953915564,-0.5980777991432684
418,1.625,4.625,8.625,-0.08025727024569719,-0.1397088186414322,-0.31401862577606066
419,1.625,4.625,9.625,1.3156736237513522,1.75121702965856,0.49902986049845793
420,2.625,4.625,0.625,0.4431204960039307,-0.19861371952570978,0.470245842467642
421,2.625,4.625,1.625,0.5135785056766599,-1.3560695589507834,1.6427623207011965
422,2.625,4.625,2.625,-0.40985646184127045,-0.7628851545738211,-1.0312592465405421
423,2.625,4.625,3.625,1.1667560122527754,0.10318747318258112,-0.04911828368471326
424,2.625,4.625,4.625,1.5867876423482734,-1.0668983080505836,0.3673743745367565
425,2.625,4.625,5.625,-0.46021886056916766,-1.0604954499695662,-0.6774078198389746
426,2.625,4.625,6.625,0.017047101778689015,-1.1221447651926884,0.2525504469032133
427,2.625,4.625,7.625,1.0474611695017633,0.14694621370855082,-0.688153018938205
428,2.625,4.625,8.625,-0.06383083957654817,1.351100615549679,-1.2064993347029824
429,2.625,4.625,9.625,1.159810834786,1.3958398941023158,-0.0013224008780677882
430,3.625,4.625,0.625,-0.4809714618847006,-0.27085959065064663,1.632443222107651
431,3.625,4.625,1.625,1.9261306274347263,-0.4407253698495365,-1.0424172896298103
432,3.625,4.625,2.625,-0.2408839155771016,-0.2485024495715933,-0.18314551383901648
433,3.625,4.625,3.625,-0.03796084054319582,-0.4184524423056541,-1.4192383705435228
434,3.625,4.625,4.625,-0.3672740953598435,-0.7868888373557181,-0.4643565486584148
435,3.625,4.625,5.625,-1.2322176483509846,0.20988266280857643,0.4382223074320788
436,3.625,4.625,6.625,-2.270814275056054,1.544235181742371,0.4449280710316984
437,3.625,4.625,7.625,0.126072226847644,-1.0240979851315803,-0.04122258334641786
438,3.625,4.625,8.625,0.41010554568046836,-0.4067192608973156,-1.23247434501268
439,3.625,4.625,9.625,-0.3593020228146262,-0.077991878625787,0.6821118197684364
440,4.625,4.625,0.625,-1.0134112102594452,-2.1674441481123092,0.31428393533240256
441,4.625,4.625,1.625,-0.6443703205342436,0.17305532362418014,0.8875308955972899
442,4.625,4.625,2.625,1.1365936012812934,0.5963640589255095,1.9300912256778302
443,4.625,4.625,3.625,0.7266654960169612,-0.35533942214074166,-1.2394664050468158
444,4.625,4.625,4.625,-1.1973936687270665,1.2272808769759962,-0.680158835476384
445,4.625,4.625,5.625,-0.32973769558668414,0.2686910490605303,-0.8419711676719349
446,4.625,4.625,6.625,-0.7195651073348879,-2.466989777266788,-0.7012151571905526
447,4.625,4.625,7.625,0.47385929603114174,0.2993688133272825,1.4460986234975766
448,4.625,4.625,8.625,0.49664214593749334,-1.0102851464503242,-0.22018177425027566
449,4.625,4.625,9.625,-1.2480907976633984,0.8203695210422464,-0.9540080915542364
450,5.625,4.625,0.625,-1.1441739822261088,-1.2341880924855275,0.023188725976246355
451,5.625,4.625,1.625,-0.4388916311423107,1.5826841202096928,1.3098902771971501
452,5.625,4.625,2.625,1.3504717271490139,1.0149430762375402,3.0233188926311687
453,5.625,4.625,3.625,1.076689660711305,1.4795723433624388,0.014393111090037285
454,5.625,4.625,4.625,1.1436895827979783,0.6803063230474506,-2.2386289323253976
455,5.625,4.625,5.625,-0.49890554647940966,0.16509562848679682,2.0409969050945116
456,5.625,4.625,6.625,1.1309116731471631,0.5488949324316605,0.4466663462688218
457,5.625,4.625,7.625,0.14961028094453624,0.8164264278465679,0.5289666300241189
458,5.625,4.625,8.625,0.10671061243094196,1.183729210393998,-0.45923584697183517
459,5.625,4.625,9.625,1.1198442038086822,-0.5185274840342768,1.4056126774654052
460,6.625,4.625,0.625,0.1731444476811173,0.7643500131151496,-0.8627278553512784
461,6.625,4.625,1.625,0.495983992136941,-1.7931163857916401,-0.47454697394861833
462,6.625,4.625,2.625,0.8299214344402442,0.19540872378622504,0.0900369486024981
463,6.625,4.625,3.625,0.9378990833726619,0.0005559168293560665,-0.14026816881955875
464,6.625,4.625,4.625,0.6176061456470142,-0.4220977187361425,1.4026403200727513
465,6.625,4.625,5.625,-0.12075953028262759,-0.5435125645544794,-0.6736478960035781
466,6.625,4.625,6.625,-0.2534657227368014,0.2709355294134243,-0.11713401644158412
467,6.625,4.625,7.625,0.62188379806066,0.3891959132531902,-1.1654525978112587
468,6.625,4.625,8.625,1.0458593787270938,-0.014932633878158429,0.6141790961059339
469,6.625,4.625,9.625,-0.10016835287570573,0.646335322760346,-0.45923624848139766
470,7.625,4.625,0.625,1.3416362503406676,-0.8120666957222205,0.5413993636701312
471,7.625,4.625,1.625,1.116244718379137,0.5214726550239669,-0.744647512563751
472,7.625,4.625,2.625,0.25621727398440974,0.0025822594760735243,-0.003296248869088997
473,7.625,4.625,3.625,-0.0976686091359444,-0.9252924430093232,0.3701744161507555
474,7.625,4.625,4.625,0.792310282018024,-0.9732976774748688,0.5321185839173321
475,7.625,4.625,5.625,-0.08203071694963478,0.47354636713255,-1.1361989071374712
476,7.625,4.625,6.625,-0.5109556883566742,0.3277710231401966,-1.8472539918038426
477,7.625,4.625,7.625,1.7691577142138475,0.1979885448456979,-0.8795714700693864
478,7.625,4.625,8.625,0.9900502319847944,-0.2620929013680945,1.9870108109772682
479,7.625,4.625,9.625,-1.2658603694235786,-1.4578726369373576,-1.5938534124369512
480,8.625,4.625,0.625,-0.4965615463964105,1.311731355723938,-0.2575563762809907
481,8.625,4.625,1.625,0.31167989316528455,1.0228387046422514,-0.5723633104296107
482,8.625,4.625,2.625,-0.21591742272261488,-1.1796366089860486,0.4739034175967811
483,8.625,4.625,3.625,-1.1699982303022822,-0.7789908871141775,0.5675330601001745
484,8.625,4.625,4.625,0.011549311008409498,0.28006038265299266,-1.2514969621139247
485,8.625,4.625,5.625,-0.5121325465587939,-0.6181064117368686,0.3485781595126101
486,8.625,4.625,6.625,-1.4339043464209469,-1.2013721691863735,2.2678031798801386
487,8.625,4.625,7.625,1.4254419169792083,0.45820357120340016,0.05311184904825579
488,8.625,4.625,8.625,0.17283396914439486,0.0663410932855331,0.6329158074641821
489,8.625,4.625,9.625,-0.3973906990915408,0.6861000491705177,0.5911612363717468
490,9.625,4.625,0.625,-0.9803808435248568,-0.57706178926104,0.48453311461145937
491,9.625,4.625,1.625,-0.38684470344126176,0.33018181702200894,-0.004212081245134383
492,9.625,4.625,2.625,0.3257358652333068,-1.5554693256973633,-0.3078670496727494
493,9.625,4.625,3.625,-0.5482445777207895,-0.1887311282382501,0.17509301827641566
494,9.625,4.625,4.625,-1.0606692608301795,0.8974691362213811,0.3416519083268063
495,9.625,4.625,5.625,0.31244279400563874,0.7089334867406024,-1.2456561215671569
496,9.625,4.625,6.625,-0.06377984606288908,-1.2922112786252618,0.38324760915734324
497,9.625,4.625,7.625,1.9313945063784619,-0.7767839248900139,0.42494532461096307
498,9.625,4.625,8.625,-0.7535295076173893,-1.9570902581530698,-0.8934589523494328
499,9.625,4.625,9.625,0.673875434050451,-0.4673745836801654,-1.9091510997175347
500,0.625,5.625,0.625,-2.234737096285625,-0.5552505824170367,-0.8088775714725371
501,0.625,5.625,1.625,0.94644137108819,0.16007772103373213,1.6843615955900302
502,0.625,5.625,2.625,0.819574349639012,1.1362896403338856,-0.7467949064272837
503,0.625,5.625,3.625,1.1966581123714943,0.16157882603468116,-0.4015503300532479
504,0.625,5.625,4.625,-0.7018891200578162,0.24666466575486345,-2.8958337669040266
505,0.625,5.625,5.625,0.9095920932950625,1.3387575165417807,-0.6911159267428133
506,0.625,5.625,6.625,-0.36162589595284284,-0.001714326942564473,0.3261097106826345
507,0.625,5.625,7.625,2.5823575518499338,1.6034421805983172,1.2324030941579724
508,0.625,5.625,8.625,0.9782581513034849,1.540910207306189,-0.3472599997026843
509,0.625,5.625,9.625,0.7448776903870084,0.8318003184678099,0.7006895792972911
510,1.625,5.625,0.625,-0.22249666526153808,-1.646925000795965,2.333960603150123
511,1.625,5.625,1.625,-0.2263446595682635,1.7005395596392208,-0.9612103541793554
512,1.625,5.625,2.625,-0.159546552135148,0.17239176455451027,0.36083970226773693
513,1.625,5.625,3.625,1.3504238594305336,-1.5120344797049068,0.6860921002517298
514,1.625,5.625,4.625,0.6017139055422323,-0.41140336128624727,0.6401254841841045
515,1.625,5.625,5.625,2.1883572571766,1.5260927633200312,-0.6070386957655303
516,1.625,5.625,6.625,-0.4692012943982911,0.033900648837909934,-0.8744277255594789
517,1.625,5.625,7.625,-0.44017774204930465,0.6372438134151645,0.501406747128735
518,1.625,5.625,8.625,-0.13297844050464705,0.4125692708930282,-0.6467691837467838
519,1.625,5.625,9.625,-1.5661501469009889,0.31392225494273746,0.07320721333782595
520,2.625,5.625,0.625,-1.0083276418562557,0.3090912684561765,-0.17327564460585462
521,2.625,5.625,1.625,1.5967953113613131,0.562242219257203,-0.5906570233164532
522,2.625,5.625,2.625,0.7984257171868211,-1.644510343262771,-0.2575329043483005
523,2.625,5.625,3.625,-1.1230911807310562,-1.078164434679641,0.8811100213548926
524,2.625,5.625,4.625,-0.26832735139877784,2.01461613282664,0.17862558577039758
525,2.625,5.625,5.625,-0.9982040595470066,-0.9804371312988763,-1.016424743288038
526,2.625,5.625,6.625,0.15726189229104542,1.0834256423631874,-0.5637372576602736
527,2.625,5.625,7.625,0.700286384558229,0.26515503276995106,-1.3985433339855402
528,2.625,5.625,8.625,-1.15030865608175,0.25430462095394984,0.39962372088398046
529,2.625,5.625,9.625,0.08478024501673954,0.5930603995492338,-0.5839555885426175
530,3.625,5.625,0.625,-0.6309608488082232,-2.355843405391056,-0.7791211149032073
531,3.625,5.625,1.625,-0.19940173930976204,-0.21063255644420398,-0.9184252485146702
532,3.625,5.625,2.625,0.22339665804720846,-1.276149301921766,-0.43942251616458194
533,3.625,5.625,3.625,-1.6523018190469378,0.5300907358108338,0.13325336646244285
534,3.625,5.625,4.625,0.8006656723280847,-0.6722978650076337,-0.05237457251259281
535,3.625,5.625,5.625,0.7395927096752088,1.4571688043593316,-1.1077355148455532
536,3.625,5.625,6.625,1.178724541376985,-0.2262033937139583,0.2324355001849038
537,3.625,5.625,7.625,0.20266393996589974,-1.1680878581792533,0.3596952149992034
538,3.625,5.625,8.625,0.5261743827735401,1.998777015661477,-0.45174694953732325
539,3.625,5.625,9.625,-0.8529036538039928,1.8512848840547047,-0.511640720116057
540,4.625,5.625,0.625,-0.16605238933450336,0.11036294399635709,-0.2879213777016985
541,4.625,5.625,1.625,-0.6184056890366028,0.8077525754785,0.8078468588157933
542,4.625,5.625,2.625,1.0236183282180145,0.5520182312127181,2.2667598183173587
543,4.625,5.625,3.625,1.3911518503444447,-0.5636150095031951,1.1826208561390015
544,4.625,5.625,4.625,0.10891411663438819,0.36939960987871456,0.1767970201092846
545,4.625,5.625,5.625,-0.6427326832151762,0.6037467743253153,2.149915513872256
546,4.625,5.625,6.625,-0.23595993751464514,-0.2616205415453243,-0.10027456817252386
547,4.625,5.625,7.625,-1.1224496482561972,1.2876356357847847,0.4018808953781079
548,4.625,5.625,8.625,0.1864568192038919,-1.9802913832271067,0.09381227392382338
549,4.625,5.625,9.625,-2.543114654593122,0.4735035990925492,-1.2541414836598686
550,5.625,5.625,0.625,-0.5254982674258848,-1.0061796242028451,0.21127651994703053
551,5.625,5.625,1.625,0.8772965487175707,-0.5397776285211561,0.47611068774238546
552,5.625,5.625,2.625,1.413980046029144,0.5948781164136856,1.631730843458496
553,5.625,5.625,3.625,-0.07130383714332324,0.13285371711685123,0.8755809510882745
554,5.625,5.625,4.625,0.5432802124762856,1.4880766392762366,0.8077042607856688
555,5.625,5.625,5.625,0.5616984335439847,-0.09689505722794291,1.2072939340381192
556,5.625,5.625,6.625,0.7682236507380606,-0.9261293970945402,-0.9842844922662206
557,5.625,5.625,7.625,0.010909679299435971,0.5883110914954373,0.0944496079630042
558,5.625,5.625,8.625,0.12847042646268797,1.0095184198325515,2.203137144216607
559,5.625,5.625,9.625,0.6257990980630264,-0.2631792168588926,-0.0011600993291343547
560,6.625,5.625,0.625,-1.3510175068425216,-0.9711204250804745,-0.6426775744731814
561,6.625,5.625,1.625,-0.7448172524064939,0.6262003713512193,-1.5549245318826002
562,6.625,5.625,2.625,0.9294112944284003,0.31043500993218315,-2.1377053948763627
563,6.625,5.625,3.625,-0.6270849894952439,-0.06468597848005607,0.3810958243806119
564,6.625,5.625,4.625,-0.26970118869919674,-0.5756313389944498,0.9611322495744248
565,6.625,5.625,5.625,-1.0690100998639818,0.5434452095050208,-1.9979570801350284
566,6.625,5.625,6.625,0.6355573766832125,-0.1814759967250068,0.19547950518189905
567,6.625,5.625,7.625,-1.2226933411439238,1.4884080336652168,-0.760207373105358
568,6.625,5.625,8.625,0.5514371159843374,-1.6150460512211984,0.327792068673855
569,6.625,5.625,9.625,1.9720864379818464,-0.020220650311893754,-1.3217175365385705
570,7.625,5.625,0.625,-0.6712704160690461,-0.17759391269898867,0.6663008055840789
571,7.625,5.625,1.625,0.9718265725946672,-1.0236450773715666,0.9126802827622106
572,7.625,5.625,2.625,-1.696232421426183,-0.672421354426603,-1.0943098023461832
573,7.625,5.625,3.625,0.6020427742992813,-1.1861706802629512,-0.3586704935834227
574,7.625,5.625,4.625,1.3366932914874776,0.2214547084833824,-0.6487436622370556
575,7.625,5.625,5.625,-0.8235730720852588,-0.547453986583865,-0.9087087568450138
576,7.625,5.625,6.625,-1.1113144965779789,0.8012329886641487,0.37057730374783904
577,7.625,5.625,7.625,-0.5700682378184144,0.041201928288638945,-1.0231676513592054
578,7.625,5.625,8.625,1.6138200982272481,1.6903342092791158,-0.569120818675729
579,7.625,5.625,9.625,0.5251445807607784,-0.9735406038925737,-0.8646252294468766
580,8.625,5.625,0.625,-0.3999838901674624,-0.44736354321875343,1.0461535596551286
581,8.625,5.625,1.625,-0.6695135188364728,1.6024619996756813,0.07571087676591397
582,8.625,5.625,2.625,-0.07756538525484805,0.6392319548148452,1.0823132029473077
583,8.625,5.625,3.625,0.09597809844139413,-0.5662332387957314,0.28897066518267156
584,8.625,5.625,4.625,0.44203052555864075,-0.8535539394841694,-1.4158881111586836
585,8.625,5.625,5.625,-0.36619685011482017,0.45838636327938787,0.5750371141145943
586,8.625,5.625,6.625,0.38477695969939363,1.2713684691735676,-1.4482216460116693
587,8.625,5.625,7.625,0.6019013675071762,0.124518952071279,-1.5803933687798004
588,8.625,5.625,8.625,0.7225286567590129,-0.0022662051079988116,-1.4140361572751385
589,8.625,5.625,9.625,-0.03351617597176282,0.13191367852788616,-0.5047302199362733
590,9.625,5.625,0.625,-0.30155749756033196,0.43443907320725367,0.14251318698802481
591,9.625,5.625,1.625,-0.587670928718454,0.30938413523593494,-2.4325284489477994
592,9.625,5.625,2.625,0.2052899969185011,0.8749410691472994,0.26771136361094544
593,9.625,5.625,3.625,-0.8926527271815429,-0.5715824929940215,0.7815452978456868
594,9.625,5.625,4.625,2.063438261013107,2.6428978869165523,0.7824009908878301
595,9.625,5.625,5.625,2.2368246936519958,-0.49307009744886776,0.03822389732852799
596,9.625,5.625,6.625,-0.6355977376586379,1.4081427765092243,-0.09173838249140935
597,9.625,5.625,7.625,-0.6145142352992738,-0.1809604208643033,1.124608391495258
598,9.625,5.625,8.625,-1.3437441019396457,-0.2627275966326519,0.6927730367221805
599,9.625,5.625,9.625,0.4187590099579209,0.704563333575696,0.2987966529635684
600,0.625,6.625,0.625,-0.03619658403487617,-2.3638807443614853,0.28156865808171766
601,0.625,6.625,1.625,1.2150254036959975,0.6081251933006335,-0.2224601463003663
602,0.625,6.625,2.625,0.7993521367033529,-1.1758259845258086,0.3773482683608615
603,0.625,6.625,3.625,-0.6385844082040296,0.08964603791295057,-0.1624344395924475
604,0.625,6.625,4.625,-0.3834449006248915,-0.9675453949489455,-1.6246474701467655
605,0.625,6.625,5.625,-2.398587822549086,-0.28168799955178986,-1.5455008061104274
606,0.625,6.625,6.625,1.8768680343904154,-0.019651882134075947,-0.012462339574402636
607,0.625,6.625,7.625,-1.7427706509758096,1.235755454651601,-0.8329646728504707
608,0.625,6.625,8.625,-1.018846497692703,1.004224902176637,0.5525475850736579
609,0.625,6.625,9.625,1.2251979409160725,0.8246867292890009,0.6920560462633695
610,1.625,6.625,0.625,0.7517803846111252,0.34700836718902867,0.6018190562564305
611,1.625,6.625,1.625,-0.38918962500034415,0.22242172026623686,-0.7413036640241311
612,1.625,6.625,2.625,0.42650659796268614,0.3190798259082928,0.39993060848042894
613,1.625,6.625,3.625,0.9217735022475606,0.6121992401638126,0.5334043955470366
614,1.625,6.625,4.625,1.705807317573248,-0.11616603690167139,0.9722914341374527
615,1.625,6.625,5.625,-1.0104417398222323,-1.0448150990271472,-1.3371075658804827
616,1.625,6.625,6.625,0.13251377303876544,-0.4414938841493868,0.8344555004155312
617,1.625,6.625,7.625,0.7228785572297491,0.6196662132157141,0.8941441184780224
618,1.625,6.625,8.625,0.09850159350563421,-0.17955727515436604,-0.6374701838566856
619,1.625,6.625,9.625,2.217477778102238,-0.03152827753517673,-2.0293267615293016
620,2.625,6.625,0.625,-0.638892657623519,0.19208270007950445,-1.226498366647786
621,2.625,6.625,1.625,-0.46039643142923903,-0.13345833587071765,-0.17223801603782932
622,2.625,6.625,2.625,0.7574985912142602,0.21137573204643118,1.5107837471638597
623,2.625,6.625,3.625,0.6159761902501427,-0.028211789274506183,-1.717128310864747
624,2.625,6.625,4.625,0.4316579268422147,-1.3709289108526554,-0.09736031029175508
625,2.625,6.625,5.625,-0.23079094903870453,0.4504161548266347,0.5949425074330934
626,2.625,6.625,6.625,2.0306808911797374,-0.09829140066089535,-0.2985829362567422
627,2.625,6.625,7.625,0.8753535111055966,-0.601417767720501,-0.5238581056930651
628,2.625,6.625,8.625,1.2032563173364499,-0.94683467155121,-0.8025381928027233
629,2.625,6.625,9.625,-0.7602680948440658,1.7928511996214975,-2.1349964780389086
630,3.625,6.625,0.625,-1.3558575637293377,-0.602481331186483,0.20393271449706782
631,3.625,6.625,1.625,0.4607602357025477,-0.4220586365316514,0.8337029019368226
632,3.625,6.625,2.625,-0.19213784845022835,-0.9515306495387876,0.8033584079665017
633,3.625,6.625,3.625,-0.011717919897414334,0.11894474256217799,-0.5341083565583538
634,3.625,6.625,4.625,-1.0083519078537628,-1.1354557415720927,0.4319286768735876
635,3.625,6.625,5.625,-0.010515520536626187,-1.4386833271398303,-1.2906902745140882
636,3.625,6.625,6.625,-0.06739512271861153,-0.29627546747237127,-0.5766880211707549
637,3.625,6.625,7.625,-0.08934752668208257,-0.14994262026781374,-0.05138883955192325
638,3.625,6.625,8.625,-1.6677738585919852,0.04367434953782194,-0.5402349197538154
639,3.625,6.625,9.625,1.0705643114823198,-1.026679303783489,-0.2944848377610682
640,4.625,6.625,0.625,1.260737982026516,-1.0395330071936644,-0.5158582305938086
641,4.625,6.625,1.625,0.672553103514213,0.6806497428860044,0.5000543292577069
642,4.625,6.625,2.625,-0.08273286562444897,1.3139280277433316,0.9236834752508221
643,4.625,6.625,3.625,0.6199932201749849,0.34897544868799657,0.914114895988876
644,4.625,6.625,4.625,0.38894958120401013,0.7974782943133051,0.5823254424460618
645,4.625,6.625,5.625,-1.1799911819896798,-0.8978388974656825,0.25865578162722414
646,4.625,6.625,6.625,0.8193120529141876,0.3952273299531486,-0.11425708172989946
647,4.625,6.625,7.625,-0.9066247147966224,0.23782105322415886,-1.366134725712988
648,4.625,6.625,8.625,-1.5174707212308385,1.0115907129897124,0.2925598312982536
649,4.625,6.625,9.625,-0.028499409707564347,-0.7891041634689601,0.29582407706851604
650,5.625,6.625,0.625,-0.48679176367982496,-0.08311674608208668,-0.21311229507879184
651,5.625,6.625,1.625,-0.8439645714544362,3.2140749096062216,0.8279286046805442
652,5.625,6.625,2.625,-0.8830619927385462,0.8887435098673021,-1.7200220629579364
653,5.625,6.625,3.625,-0.4469550581764197,0.1524520158453674,1.9287010243442337
654,5.625,6.625,4.625,0.9416411043532,-0.7466646240968499,-0.291661637331426
655,5.625,6.625,5.625,1.0127947326626165,-0.937926165062604,-1.2177913750606784
656,5.625,6.625,6.625,-0.8109933700926552,0.7952256702209332,-0.46166992140507546
657,5.625,6.625,7.625,-0.1895984226747367,-1.2012220287818949,-0.261070236291238
658,5.625,6.625,8.625,0.06079841640701725,-1.055798289227827,1.37763153105599
659,5.625,6.625,9.625,-0.11663294224008561,-0.46622399557045224,-0.1840976680300452
660,6.625,6.625,0.625,0.13174289418326915,-0.823382811999385,-1.7105410709259765
661,6.625,6.625,1.625,0.06781012503207062,0.7800132738606463,-0.7010300068019307
662,6.625,6.625,2.625,1.811338079492828,-0.6443963787822239,0.4401685329764782
663,6.625,6.625,3.625,1.120938318981968,0.6563753595403228,0.5969641737482434
664,6.625,6.625,4.625,0.12267494985170274,1.4106934262588822,0.08534205348783559
665,6.625,6.625,5.625,-0.5320451849808775,0.8389799406101265,0.4079538255535196
666,6.625,6.625,6.625,-1.425172669465072,0.24549997566666049,1.4380892372325593
667,6.625,6.625,7.625,0.7994632741892335,1.4291204138307276,-0.8326043023773262
668,6.625,6.625,8.625,0.23383200493952572,0.17324935430757205,-2.4983305518961263
669,6.625,6.625,9.625,-0.2340144199596855,-0.59628144872134,-0.1711027857179022
670,7.625,6.625,0.625,-0.960946180902256,0.29809487954778835,2.1311271174027335
671,7.625,6.625,1.625,-1.162780081570495,-1.2896013749845807,-1.6817910885320768
672,7.625,6.625,2.625,0.9387352225251413,-1.2046056519174737,1.483649421362349
673,7.625,6.625,3.625,-1.304526677630156,0.7981696858916135,1.4549523670429847
674,7.625,6.625,4.625,-0.5950032523591855,-1.0696894332589266,-1.1405982729825879
675,7.625,6.625,5.625,1.4056888540499497,-0.9196824631627118,-0.13334477644981999
676,7.625,6.625,6.625,1.5635394688422277,0.47494993531702817,-0.07061984961337611
677,7.625,6.625,7.625,0.28371940083505903,-0.9447658277561778,1.5158090259935324
678,7.625,6.625,8.625,0.7902601600079645,-1.20719402209865,0.40065917851671934
679,7.625,6.625,9.625,1.418039871457032,0.4950730012342894,-0.6058707540808094
680,8.625,6.625,0.625,0.8029677291065157,-0.5008096907127756,1.5590667792014135
681,8.625,6.625,1.625,-0.34571577487706284,0.18914463441349583,-0.1967730581828628
682,8.625,6.625,2.625,0.007308991076595144,1.0126553475324886,-0.2557516859055445
683,8.625,6.625,3.625,-0.12761996886416896,-0.03948101539356018,-0.6915113730420342
684,8.625,6.625,4.625,0.5583587069850415,0.12784411414443106,1.4320431639244915
685,8.625,6.625,5.625,-0.3874871504483374,0.23666956441894926,-0.31936012954264226
686,8.625,6.625,6.625,-1.3939448793645586,-0.054364502859674355,-0.37128288301122575
687,8.625,6.625,7.625,0.6333490449761539,1.160604897751597,-0.5595779636624351
688,8.625,6.625,8.625,1.2336418164289944,0.276000076363183,-2.1169941388346976
689,8.625,6.625,9.625,1.4283457478716297,-1.004772491187509,-0.9141735599685767
690,9.625,6.625,0.625,0.25861299064377724,-0.9797817809694295,-1.3668474955846304
691,9.625,6.625,1.625,-1.7018790449826653,1.4518932391581474,0.7948478448587514
692,9.625,6.625,2.625,0.19088311909377992,0.5884882110821366,1.157910137500199
693,9.625,6.625,3.625,0.11444207132446638,-0.6118451115684184,0.019282692748890287
694,9.625,6.625,4.625,0.8883062322602437,-0.680235059906075,1.5087766038318609
695,9.625,6.625,5.625,0.6541265489251823,-1.079259674585736,0.7485871521569712
696,9.625,6.625,6.625,-0.09464910481524441,1.9588114290680703,1.0496299097912076
697,9.625,6.625,7.625,-1.2781398088443756,0.7185855960630844,-0.8734867405863195
698,9.625,6.625,8.625,-0.2379820922251842,-0.27275996855619933,0.027582552669708712
699,9.625,6.625,9.625,-0.03894217496362277,1.4944549838860723,1.4648422894430706
700,0.625,7.625,0.625,-1.9759123183406275,-0.3692750697521396,0.5633930468352675
701,0.625,7.625,1.625,-0.7479339388841165,1.8454972763376705,0.18543772814903764
702,0.625,7.625,2.625,0.6851504479822155,0.24740662476322567,-1.0318940565220271
703,0.625,7.625,3.625,-0.7075461651035162,-0.37463587130117787,-1.119729841667514
704,0.625,7.625,4.625,-0.37112604490524614,-0.501068142698119,2.076934444228579
705,0.625,7.625,5.625,0.751425656142305,1.1116379947277777,3.6374042782957865
706,0.625,7.625,6.625,-0.7156195691348148,-0.5136660687990264,-0.4422848570964216
707,0.625,7.625,7.625,-0.8793951413663369,1.629552122940725,-0.3185460805332505
708,0.625,7.625,8.625,1.9403934925442312,0.192851955128734,-2.260474242984629
709,0.625,7.625,9.625,0.5859471970671228,2.011928354312738,0.8379909472077214
710,1.625,7.625,0.625,-1.1662859605491687,0.816389298050073,-1.2033593707589878
711,1.625,7.625,1.625,0.5685482675777438,1.522146792122711,1.073149448545428
712,1.625,7.625,2.625,-0.9733316926068571,0.41362017259293293,-0.2199769350322943
713,1.625,7.625,3.625,-0.6598211520891566,1.322355413354435,0.9997516275105315
714,1.625,7.625,4.625,-0.1823530074997067,-1.3287514309060529,-0.33665992742184314
715,1.625,7.625,5.625,0.5081547619505541,0.16290252347228065,0.778124137587263
716,1.625,7.625,6.625,-0.08979116571983596,0.40821158921868006,0.8478875369785716
717,1.625,7.625,7.625,1.3366349747998272,-0.6144085805577592,-1.1665823469204677
718,1.625,7.625,8.625,1.6198276935306324,0.23715321729207212,-0.11687182174669546
719,1.625,7.625,9.625,0.5385964530855746,-1.5266747736743664,-0.3845505599522139
720,2.625,7.625,0.625,-0.05263243351852836,0.17336180351925318,0.6030498059540779
721,2.625,7.625,1.625,0.9761711574571843,-0.4386130261675286,0.6294347702610931
722,2.625,7.625,2.625,0.16662570402941768,-0.03209938639455734,-0.7341229014735958
723,2.625,7.625,3.625,-1.6581991334805062,-0.7499770437041812,-1.3761150996908391
724,2.625,7.625,4.625,0.32940937001406206,-2.2907177594264523,-0.2861025828276347
725,2.625,7.625,5.625,-0.6797048185159463,-0.5646849830340284,1.8118402227384227
726,2.625,7.625,6.625,0.1503842446621656,1.3256335593999589,-0.9119632707428981
727,2.625,7.625,7.625,-1.0355159250795378,0.06576164633359231,-0.10286588208053021
728,2.625,7.625,8.625,0.536628719058215,-0.35414494249304557,-1.4102821566558024
729,2.625,7.625,9.625,1.1492352999297397,-0.52190631252408,1.6802299995376926
730,3.625,7.625,0.625,0.9362211387595708,-1.35041005483437,-0.2999892908794824
731,3.625,7.625,1.625,0.35023222203791204,-0.11029053590086506,0.13996914063528848
732,3.625,7.625,2.625,-0.7102801394049015,-0.7739703736757333,0.8377256178693644
733,3.625,7.625,3.625,-1.4227076762623037,-2.186404762564697,0.505556156897838
734,3.625,7.625,4.625,0.557318627825718,1.3601593918209234,0.9173353623807543
735,3.625,7.625,5.625,0.8417147130573851,0.677321556542271,0.08794776220769698
736,3.625,7.625,6.625,-0.5249896132931018,-0.9492734533702667,0.1061514238459189
737,3.625,7.625,7.625,-0.1749777772343482,-0.14067723028580797,1.8668737615072997
738,3.625,7.625,8.625,0.5650168315657695,0.4638699455136757,-0.6272075887731633
739,3.625,7.625,9.625,-0.9399451431680599,0.4155926259177612,-0.3472410907727551
740,4.625,7.625,0.625,0.05658665640901263,-0.7085333307532182,0.6401170705141029
741,4.625,7.625,1.625,-0.1998711990827292,-0.3849127466343852,0.11137859489721307
742,4.625,7.625,2.625,-1.6362080326501682,1.3224012474874758,-0.8174280509864907
743,4.625,7.625,3.625,0.21763809734072778,-0.3932704262889857,-0.7993036141583421
744,4.625,7.625,4.625,0.4347450327792712,0.07105581513250518,-3.4380738342585055
745,4.625,7.625,5.625,1.4778945835527848,-0.4438564784442555,-1.0767378237163652
746,4.625,7.625,6.625,0.41273863535535155,-0.734853811307831,-1.183496078451964
747,4.625,7.625,7.625,0.39595977748670413,0.28028263308744755,0.6168705488409278
748,4.625,7.625,8.625,0.5695114274806659,0.3038939017229256,0.5084923707467109
749,4.625,7.625,9.625,-1.5360303097599557,-0.799213222517382,0.037014440317455655
750,5.625,7.625,0.625,-0.4352779626257884,0.04224718084109141,2.5543039387726156
751,5.625,7.625,1.625,-0.5734973527646079,-1.7391942147370716,0.6971366693725992
752,5.625,7.625,2.625,-1.6133269709129012,0.8414795519168845,-1.4490489116258225
753,5.625,7.625,3.625,-1.6423884873884518,1.634990705075638,0.6523983805997057
754,5.625,7.625,4.625,1.1894734387822012,-0.4712343126980464,0.328833656480042
755,5.625,7.625,5.625,0.07952737645305745,0.35868518058701954,-0.9661512929669582
756,5.625,7.625,6.625,0.7317495551766917,-1.0487867484335243,-0.23456795398650204
757,5.625,7.625,7.625,0.034689914306133635,-0.34165795075343874,-0.943859677266344
758,5.625,7.625,8.625,-1.3638147395716336,0.4315693543185556,-1.2302540953768835
759,5.625,7.625,9.625,0.9236230266721214,-0.676508824572652,1.7380730514524299
760,6.625,7.625,0.625,1.1084916552101995,0.8824698511406346,-0.8394092472549798
761,6.625,7.625,1.625,1.1727406564509038,0.21454315307456728,-0.16399800447182267
762,6.625,7.625,2.625,-1.0567367539883643,-1.0836315831768846,-1.408205092278014
763,6.625,7.625,3.625,-2.1323058896345026,0.8972630876403759,1.5404273505079353
764,6.625,7.625,4.625,0.07142915255034273,-0.6231513121746812,-0.06410441884848771
765,6.625,7.625,5.625,-1.6041538587150501,0.5695290939552318,-0.3856359396489197
766,6.625,7.625,6.625,0.939869454989857,0.06772483280181205,0.9643224158288776
767,6.625,7.625,7.625,-0.2586024598088394,-1.3232649874648672,-1.0470389213862232
768,6.625,7.625,8.625,-0.004055540035315698,-1.3572247504012622,-0.3697224107384143
769,6.625,7.625,9.625,-0.1333287542573979,0.6237711425577099,1.0102378457578602
770,7.625,7.625,0.625,1.2971730086598925,-1.0775305277942095,-1.0520810833848868
771,7.625,7.625,1.625,0.7264187633804952,-0.5025708957567925,0.1376623211608216
772,7.625,7.625,2.625,1.2121389596992043,-0.5722909261118134,1.153457683034317
773,7.625,7.625,3.625,-0.4162985867084188,0.7879301983745988,-0.6221875986414281
774,7.625,7.625,4.625,0.5614682423877763,-0.6441580211344468,-0.04791800620994255
775,7.625,7.625,5.625,-0.8517881128265163,0.5912549818356053,-1.1686378800419497
776,7.625,7.625,6.625,0.33409346852716704,-0.6915154522319281,0.0865677691768233
777,7.625,7.625,7.625,0.979013189876015,-2.1597539424634693,-0.7603252038691091
778,7.625,7.625,8.625,-0.590679751687185,0.11709124406227522,0.3863590724058006
779,7.625,7.625,9.625,-1.2780142580030482,-0.8173155202661535,1.8296561881784297
780,8.625,7.625,0.625,-0.6920933398272783,0.43578521148472615,0.5661140803033256
781,8.625,7.625,1.625,2.2348969915659067,0.46040658942881973,1.3420885552280375
782,8.625,7.625,2.625,-0.37875238562185076,-0.8733130319867375,-0.48392344899824724
783,8.625,7.625,3.625,0.29346172172895035,1.4580155151320342,1.775924902663527
784,8.625,7.625,4.625,-0.5097459139551475,-0.18366283257919458,-0.6730404557011865
785,8.625,7.625,5.625,0.10789013096569502,-1.5546553557521383,1.2079957304901454
786,8.625,7.625,6.625,-0.600232732822526,0.42000172878923925,0.38089187287282417
787,8.625,7.625,7.625,0.7606038381549509,0.06285368317017108,-0.8309716494408139
788,8.625,7.625,8.625,0.00998429363346463,-0.6143987491365935,-0.5091310939304735
789,8.625,7.625,9.625,0.9245408969901466,1.0029473979378019,-0.4757601212722504
790,9.625,7.625,0.625,0.9423007506435499,0.09780582556885944,-1.7617585930766193
791,9.625,7.625,1.625,1.5856205071032963,-0.21171197091349553,-1.3032314800325917
792,9.625,7.625,2.625,0.4052003900084718,0.5422382238345778,0.41219663048743327
793,9.625,7.625,3.625,-0.7108366437975913,-2.1685213178279623,-0.5312182384445611
794,9.625,7.625,4.625,-1.2784203089008752,0.5900959446140746,0.07806450128969138
795,9.625,7.625,5.625,-1.0376101130984776,0.7972594039316024,-0.9399757438483988
796,9.625,7.625,6.625,-1.1094604735235127,-0.897801104221303,-0.7296583535868016
797,9.625,7.625,7.625,-0.3696722892332737,0.011460039196405092,-0.5665423372166241
798,9.625,7.625,8.625,-1.863831156818453,-1.8671119448449476,0.7749276180697141
799,9.625,7.625,9.625,-0.9868720571180356,0.610015177862297,0.4048186149005597
800,0.625,8.625,0.625,0.39952007734328066,-0.5056516092532448,0.05971936847307377
801,0.625,8.625,1.625,0.7655458918904312,-0.4214894386547964,1.6626412956953402
802,0.625,8.625,2.625,-0.9818549955204142,-0.1921633910199635,-0.38597204013951675
803,0.625,8.625,3.625,-1.5426883087820153,-0.42070383121546095,1.3776086680792772
804,0.625,8.625,4.625,-0.06481228158034215,-0.2034646263427976,-1.4061469397342745
805,0.625,8.625,5.625,-1.7130748554463127,0.17053018102240575,-1.0337848712450042
806,0.625,8.625,6.625,0.48897018878926757,1.6972823920040134,-0.15817277450259312
807,0.625,8.625,7.625,0.1441323576695259,0.42325711164408464,-0.28084856440723815
808,0.625,8.625,8.625,0.6350565768058631,-0.023033202325101504,0.4078213844077711
809,0.625,8.625,9.625,0.7691718187264311,-0.4297628793615578,-2.510785603521174
810,1.625,8.625,0.625,-1.8272315101401886,-0.5497494922514016,-1.3235904573180726
811,1.625,8.625,1.625,-0.2902562227428157,-0.29828925629169073,-0.09061852316307416
812,1.625,8.625,2.625,-1.4261013065832213,0.1528053573353595,0.6142830214081175
813,1.625,8.625,3.625,-0.6616755566707642,-1.1537612352745052,0.5245929694058528
814,1.625,8.625,4.625,-0.1935702721067862,-1.9794846355482685,-0.6916984878406807
815,1.625,8.625,5.625,-0.17758637283568884,-0.16406311043560834,-1.5133663313471228
816,1.625,8.625,6.625,0.3456112007964625,-0.7216927355801697,0.7513453399697029
817,1.625,8.625,7.625,0.030156840870789816,-0.1548223780969491,-0.221943491636069
818,1.625,8.625,8.625,0.31974979051271774,-1.67378968205074,1.3191979451855305
819,1.625,8.625,9.625,-0.7021527736529637,-1.2997157108141952,0.988536585802512
820,2.625,8.625,0.625,1.0657626132725604,-0.8022802840876614,-1.3375627085332615
821,2.625,8.625,1.625,-1.5753093166073668,-0.8644296454523599,-0.09298587363797851
822,2.625,8.625,2.625,0.13165585515033698,1.831077461178606,-0.027148643361371395
823,2.625,8.625,3.625,0.33961032394202734,-1.9237041339213408,-0.7315075390473539
824,2.625,8.625,4.625,0.5939786458261396,1.1207774860487525,1.0512610193970728
825,2.625,8.625,5.625,0.3241496607375989,-0.07098661087269402,0.966637502618141
826,2.625,8.625,6.625,-0.5025881782719611,0.21379782043668044,0.3130184112630855
827,2.625,8.625,7.625,-1.2052294812056954,-0.9432520570187318,-0.21277902347654332
828,2.625,8.625,8.625,-0.6483199681067712,0.15135515816228168,-0.6375094380221875
829,2.625,8.625,9.625,-1.7009606482546311,0.12755813244302644,1.8920454078270235
830,3.625,8.625,0.625,-0.8254264446902609,0.03591618423859437,-0.5144136810631396
831,3.625,8.625,1.625,-1.499108984635564,1.5146498245787061,0.775055553305276
832,3.625,8.625,2.625,0.7075487381787741,-0.22846920826715328,-0.3904685083274706
833,3.625,8.625,3.625,-0.9621996151066732,-0.8282151949008423,1.963345221066814
834,3.625,8.625,4.625,-1.1152465044362494,-0.4017826549369519,0.2347052239327181
835,3.625,8.625,5.625,0.10792212942333332,-0.38606204751464457,0.0023932215301136197
836,3.625,8.625,6.625,0.5691986128737739,-0.7728211129111747,-0.35245799330169364
837,3.625,8.625,7.625,-1.3307074978851297,1.1226945872326104,0.16579824603874577
838,3.625,8.625,8.625,0.5811041929156947,-2.2912279928116193,-0.8027204234090699
839,3.625,8.625,9.625,0.28273696426537953,-1.0716053995452506,1.4883132023316374
840,4.625,8.625,0.625,-1.084592082375232,-0.6063201363847605,0.9918221024727241
841,4.625,8.625,1.625,-0.24369030249001986,0.8006061341187581,-1.1348815583847014
842,4.625,8.625,2.625,0.04985667655710689,-0.2753834731957279,-2.4520685734317555
843,4.625,8.625,3.625,1.1883156079018353,-1.3075636885499724,-0.6785822085526824
844,4.625,8.625,4.625,1.6412640128400307,1.1313194598436973,-0.028605886752204376
845,4.625,8.625,5.625,0.176703233456888,0.33696141128595325,-0.09096454543371497
846,4.625,8.625,6.625,-0.7672113334985621,0.2737929679096812,-0.9401209745246938
847,4.625,8.625,7.625,-0.32996409325737575,0.5133748676619739,1.0859690924407879
848,4.625,8.625,8.625,-0.7497582675848048,-1.6547888316071186,0.28533965690314916
849,4.625,8.625,9.625,-1.1074475317462866,-0.06731390137582656,-0.4748391235964688
850,5.625,8.625,0.625,-0.18207332785217142,-0.09967345252897213,-0.6653674172775027
851,5.625,8.625,1.625,0.768856058364836,0.6143751783094142,-0.4057524868658609
852,5.625,8.625,2.625,0.4915932771944692,1.832781952360628,0.6554916774613665
853,5.625,8.625,3.625,-0.694454190601156,-0.9331287427046172,-0.22163535590598019
854,5.625,8.625,4.625,-0.4541766588547474,-0.5059849685838411,-0.9999874525317718
855,5.625,8.625,5.625,0.15093263011603,-0.8436915734591457,0.4577089344601413
856,5.625,8.625,6.625,-1.456798208205124,-1.6398832704353148,-0.01711602200594696
857,5.625,8.625,7.625,-0.5674720358456293,-0.23278247953331072,1.1530241546476558
858,5.625,8.625,8.625,-0.3757557716194404,0.8410486282338259,1.3301116361063952
859,5.625,8.625,9.625,-0.2103741772100715,0.3368857847023082,-0.11229552987471099
860,6.625,8.625,0.625,-0.2638242964352929,-0.13066062693887193,0.8159699848908508
861,6.625,8.625,1.625,0.94051521997414,0.6320896355705149,-1.2615161841652958
862,6.625,8.625,2.625,-0.553866805321195,0.1927220271025442,-0.1361222587794998
863,6.625,8.625,3.625,-0.7428450967715582,1.3586521066280224,1.6901223846098505
864,6.625,8.625,4.625,-1.1465975633890522,0.3549957431614409,1.2677148786080914
865,6.625,8.625,5.625,-1.668927059530732,-0.03924984654987537,0.02056071158609477
866,6.625,8.625,6.625,1.472080883573998,-1.4928061929815606,-0.7442694822467505
867,6.625,8.625,7.625,0.2260604735939529,0.3232202601694686,0.8752314410299517
868,6.625,8.625,8.625,-0.11208266379156255,-0.1260693642767151,-0.9031257763574913
869,6.625,8.625,9.625,0.5063231625302241,0.8064253382543621,-0.3441516352742189
870,7.625,8.625,0.625,0.16773456335925213,-0.962214715077465,1.533400193385288
871,7.625,8.625,1.625,1.809422114958113,-0.8370033232279707,0.5517979652073549
872,7.625,8.625,2.625,-0.3050516043688491,1.3576558207047915,0.3826112189341788
873,7.625,8.625,3.625,-0.25624845907553523,1.2092675239067538,1.1027365945208192
874,7.625,8.625,4.625,-1.6166370047957812,0.6447139549055733,1.7773704189436403
875,7.625,8.625,5.625,0.4580963784622303,0.08213247763458964,-0.15374578248040086
876,7.625,8.625,6.625,-0.4052360713638748,-0.19900527425617326,-1.981722723917721
877,7.625,8.625,7.625,-0.29281915119781643,-0.03233080295514032,0.5068283396762407
878,7.625,8.625,8.625,-0.2771539182753574,0.44137877020121724,-1.4774779847594266
879,7.625,8.625,9.625,0.30728422026347313,-1.0376389680497082,-2.1485929613564085
880,8.625,8.625,0.625,-0.8258914800167337,-1.160230573795963,-0.26528058115495806
881,8.625,8.625,1.625,0.8905709481537901,-0.5008537420709913,0.7194856044534361
882,8.625,8.625,2.625,-0.3938505953457559,-1.568870206467511,-1.4477800882890792
883,8.625,8.625,3.625,0.5285181790282559,-0.6028854097526164,0.2588592561575306
884,8.625,8.625,4.625,0.12978296949694587,0.636590236643522,-1.8860931416120588
885,8.625,8.625,5.625,-0.3868659727932286,0.9333570257592034,0.0354728789710885
886,8.625,8.625,6.625,0.66866322593163,0.2695190059769638,-1.2130995287947854
887,8.625,8.625,7.625,0.3018426203285122,-1.238827149713226,1.5144235021471566
888,8.625,8.625,8.625,0.9359433152717972,-0.48562293188008654,-0.8097474412511557
889,8.625,8.625,9.625,0.41570831846552325,-1.4992166289534528,-0.4315313381132301
890,9.625,8.625,0.625,0.9391969629539442,0.8476011325841359,1.3750427295810275
891,9.625,8.625,1.625,-1.1937599991022867,-0.4678905142761377,0.30554306340425147
892,9.625,8.625,2.625,-0.3925559021964394,0.7221510764351152,-0.024109104480381453
893,9.625,8.625,3.625,0.15535488115798815,0.9526033668405918,-0.9404979169868858
894,9.625,8.625,4.625,0.6752391618677165,-1.162041292085267,-0.6324347232731868
895,9.625,8.625,5.625,0.24038630785192439,-1.8744770971858538,1.692812224187853
896,9.625,8.625,6.625,0.7990435600822658,0.38929477761003767,-0.2880056613557655
897,9.625,8.625,7.625,-0.8662737832441004,0.038086810192423465,-0.41988822034108547
898,9.625,8.625,8.625,-1.0436239547023924,-1.5958468321336716,0.5613503622460277
899,9.625,8.625,9.625,0.19775605210330677,0.7306248882609088,-1.4490052856911333
900,0.625,9.625,0.625,0.4339049005374674,0.29837777867952653,-0.11304650546611347
901,0.625,9.625,1.625,-0.67482573787484,0.20366522508894835,-1.223470215354765
902,0.625,9.625,2.625,1.3550296578325975,-0.3229713798095073,1.8621119874160261
903,0.625,9.625,3.625,0.5433074739595216,-0.5372303899950269,0.6039776107544128
904,0.625,9.625,4.625,-1.5048012356858378,0.7422239242477883,-1.3469999810952777
905,0.625,9.625,5.625,-1.5122275609607594,-1.9589625367442864,1.5972706678190522
906,0.625,9.625,6.625,1.3599104183689943,1.914719226154148,-0.3255551040725682
907,0.625,9.625,7.625,0.037589194271523865,0.24980801310356443,0.20589505984491177
908,0.625,9.625,8.625,0.10972447314616099,0.3055460485364712,0.5351508727222707
909,0.625,9.625,9.625,-2.491168740266145,0.9894319678818184,-0.5326507570233779
910,1.625,9.625,0.625,-2.5355164786522058,0.294291725522615,0.4233171151563168
911,1.625,9.625,1.625,-0.2518267507165483,0.22820811577584343,-1.6498907954996656
912,1.625,9.625,2.625,0.7901719010817722,-1.4977043248571877,-1.2038296507519861
913,1.625,9.625,3.625,-1.1824151071313136,-1.7165926968131215,-0.8469069766699261
914,1.625,9.625,4.625,-0.3856694040102972,0.7131803081805915,-0.03464567321409184
915,1.625,9.625,5.625,0.5835029242731857,-1.0746917880129383,0.17035967601406424
916,1.625,9.625,6.625,-1.901379026014295,-1.5872293866159928,0.28578683912982317
917,1.625,9.625,7.625,1.154526185096672,-0.4050376788119406,-0.8133000242214227
918,1.625,9.625,8.625,2.098775057413508,-2.7237478310591112,-0.9167775844403818
919,1.625,9.625,9.625,-1.5868935593273428,0.31647223359119164,-1.2834210794860408
920,2.625,9.625,0.625,-0.20366520477573685,0.5347499244409958,0.8874656588903385
921,2.625,9.625,1.625,-1.4771223872076953,0.567905115180584,-0.28024918238509183
922,2.625,9.625,2.625,-1.6154966599375138,-0.44940526715431667,1.3423373482051806
923,2.625,9.625,3.625,-0.39362243910966827,0.24288292183028304,-2.249031328681513
924,2.625,9.625,4.625,0.6871827394730224,0.7999067761477714,0.11984871105225602
925,2.625,9.625,5.625,0.8297244524546856,2.3950664935060213,-0.30656488475995197
926,2.625,9.625,6.625,-3.2510718612462552,1.075936042107116,-0.5987556185779797
927,2.625,9.625,7.625,0.470244417445653,0.4520425911884367,-0.4258141084427201
928,2.625,9.625,8.625,0.9330495265102005,1.1347449186196692,-0.8118350423404836
929,2.625,9.625,9.625,2.0218161019249603,-0.5403242863423583,0.695262508434512
930,3.625,9.625,0.625,-0.3944356923367862,0.552663407953252,0.386934765846607
931,3.625,9.625,1.625,0.08718656545377713,-1.8452596254195877,-0.5511451695223982
932,3.625,9.625,2.625,1.7895727966083974,-0.6753415656214844,-0.00860329497405456
933,3.625,9.625,3.625,-0.08998119432619987,-1.3011762570621361,-0.4036356206926158
934,3.625,9.625,4.625,1.7378432454083208,0.9149170607652332,-1.57203665222326
935,3.625,9.625,5.625,0.08536704341062894,-0.7196012664973825,-0.006187681664610159
936,3.625,9.625,6.625,-0.6309674030350726,0.7004741671109155,2.3902515664787347
937,3.625,9.625,7.625,-0.8102799631264055,-1.7259255111621423,0.7929913068251391
938,3.625,9.625,8.625,-0.5669191915500452,-0.5400523934909963,-0.471913501347099
939,3.625,9.625,9.625,-0.024803344309596822,-0.5020056051359215,-0.9494054738924277
940,4.625,9.625,0.625,-0.05493988826896212,-0.04550329385430865,-0.2766008186488662
941,4.625,9.625,1.625,1.026649511792086,0.4451620933833265,0.47427371986046996
942,4.625,9.625,2.625,-0.2947864905204949,-1.3927482973222445,1.0689376257067262
943,4.625,9.625,3.625,-0.4899432228797121,1.5585875482995952,0.06930809506660544
944,4.625,9.625,4.625,-2.7850301419879253,-0.42242034160098535,-0.288016697427331
945,4.625,9.625,5.625,-0.4008577971402376,-1.19603347020665,-0.16778077148772827
946,4.625,9.625,6.625,0.028170562400387494,0.6482488888287459,1.2441898052582148
947,4.625,9.625,7.625,0.7260614001251039,-1.5649265241547037,0.3990275789926404
948,4.625,9.625,8.625,-1.2771330419775555,0.17405800598462007,0.8029019432976849
949,4.625,9.625,9.625,0.32718307440510963,-0.7203103887294997,-0.9484840996643329
950,5.625,9.625,0.625,-0.013085293057556483,1.3348851202568195,-0.5157123557633517
951,5.625,9.625,1.625,0.46886778401007684,-0.4646340564143937,1.351465787619258
952,5.625,9.625,2.625,0.40932771112259353,-0.46578696697428257,1.115785835033567
953,5.625,9.625,3.625,0.7745521652171654,0.8218911429757094,-0.10490941000928437
954,5.625,9.625,4.625,0.5387655054139833,0.4299175429384736,0.4495318278232584
955,5.625,9.625,5.625,0.3848900174372149,-0.8544593645880639,-0.4338150684721231
956,5.625,9.625,6.625,-0.27898701318047425,-0.1430612815404957,-1.3562177968398264
957,5.625,9.625,7.625,-0.7362026302276143,-0.15247045533788567,1.9370421606595067
958,5.625,9.625,8.625,-0.3794385663687526,0.2659731342638633,1.2789895773663185
959,5.625,9.625,9.625,1.1904717750141733,0.7721827633340345,0.9235149873318598
960,6.625,9.625,0.625,-0.8719921769236708,0.765769239482806,-0.4739481425242548
961,6.625,9.625,1.625,-0.029404803925069,-0.1654989852567721,-0.09864015097693396
962,6.625,9.625,2.625,-0.5747443009746052,0.46544568692395605,0.21631513185518367
963,6.625,9.625,3.625,1.6326795282066053,-0.6287259910627545,0.2038630584690119
964,6.625,9.625,4.625,0.5105468073729325,1.578936966249525,1.3733235420879268
965,6.625,9.625,5.625,0.9114661323051834,0.35940109683617455,0.21236223380643265
966,6.625,9.625,6.625,-0.1570422319721524,-0.5732981631397475,0.5765869651258921
967,6.625,9.625,7.625,0.7859399976167369,2.042489124649458,-0.06590969094970883
968,6.625,9.625,8.625,0.39785917460098374,-2.065095802093144,-0.44744558224699466
969,6.625,9.625,9.625,-0.8562414337064355,-2.979585670906175,-0.6582844723702553
970,7.625,9.625,0.625,-0.3517121666841437,0.059215188544192804,-0.3035721937595822
971,7.625,9.625,1.625,-0.8823179198860894,0.4026534143580136,0.31506739968207875
972,7.625,9.625,2.625,-0.2457763336468648,-1.1031001419508633,0.8998882838113
973,7.625,9.625,3.625,-1.4808222100780524,-1.1433665743981936,1.4557437207871184
974,7.625,9.625,4.625,0.7385048059315611,0.35651323619226644,-0.34591757425686326
975,7.625,9.625,5.625,-0.31167988814766373,-1.2954777799407045,-0.581671923761765
976,7.625,9.625,6.625,1.1602705679779857,0.09719487458808403,0.5502227354430602
977,7.625,9.625,7.625,-1.2094405360752685,-0.16217248885082425,1.8369867699870628
978,7.625,9.625,8.625,0.5443820583412248,-0.2703565691667722,1.490975057393946
979,7.625,9.625,9.625,0.9621101248313513,-0.8198438759917407,-1.361225681293075
980,8.625,9.625,0.625,-0.7552438366910144,-0.29632083007920823,0.33629916804144816
981,8.625,9.625,1.625,0.41616498641823696,0.8321266921239346,-0.6048092060216085
982,8.625,9.625,2.625,-0.5164755767842434,-1.5458099984481966,1.2887921649975858
983,8.625,9.625,3.625,0.10653891824135842,-0.6885627168189862,-0.2419611887205441
984,8.625,9.625,4.625,0.40008791724033854,-0.8604545053948857,0.015001409427569461
985,8.625,9.625,5.625,-0.20731073868630426,-0.24926390709428536,0.6251391499834408
986,8.625,9.625,6.625,-1.1581913537185087,0.47224001959569273,0.4654201763119119
987,8.625,9.625,7.625,-1.371759959648356,0.3565779488758681,0.9219009427309103
988,8.625,9.625,8.625,0.2890616864609774,-0.08239520126159587,0.11996522022216091
989,8.625,9.625,9.625,0.9578845180516423,2.0825006983105117,-0.27191615680050824
990,9.625,9.625,0.625,-0.3492834883482129,-1.7404589806739683,-1.7958767599616816
991,9.625,9.625,1.625,-1.13609125233041,-0.6091256668165753,-0.06244454609680598
992,9.625,9.625,2.625,-0.47053264904512065,-0.289174694983447,0.23964213636384546
993,9.625,9.625,3.625,1.411997757961039,-0.36941366423134525,-1.1723803046827892
994,9.625,9.625,4.625,0.908357078677749,-0.3743898025043561,0.057473547010970266
995,9.625,9.625,5.625,0.5185097375938801,1.1695434396796105,-0.6989631244773934
996,9.625,9.625,6.625,1.3092662502758152,-0.04763998267238387,0.04509827022931047
997,9.625,9.625,7.625,-0.10083089448539966,1.1212627294293933,0.561363298493573
998,9.625,9.625,8.625,0.7448423815506173,0.3193772332227453,-0.24560519743138035
999,9.625,9.625,9.625,0.565486500390922,0.3755721166333097,0.14713977159547925
